{
  "overall": {
    "model_loading": 4.388719797134399,
    "sae_loading": 35.21440291404724,
    "dataset_preparation": 9.139064311981201,
    "total_runtime": 3619.414540529251
  },
  "per_layer": {
    "0": {
      "gradient_computation": 166.1683704853058,
      "histogram_plot": 0.5525190830230713,
      "scatter_plot": 0.7150025367736816,
      "save_data": 0.03757810592651367,
      "total": 167.47348165512085
    },
    "1": {
      "gradient_computation": 165.06777620315552,
      "histogram_plot": 0.3296220302581787,
      "scatter_plot": 0.3739888668060303,
      "save_data": 0.07829737663269043,
      "total": 165.84969472885132
    },
    "2": {
      "gradient_computation": 163.04236388206482,
      "histogram_plot": 0.4255495071411133,
      "scatter_plot": 0.6751642227172852,
      "save_data": 0.019571781158447266,
      "total": 164.162663936615
    },
    "3": {
      "gradient_computation": 161.44419956207275,
      "histogram_plot": 0.6499016284942627,
      "scatter_plot": 0.714771032333374,
      "save_data": 0.014620780944824219,
      "total": 162.82350039482117
    },
    "4": {
      "gradient_computation": 159.3913300037384,
      "histogram_plot": 0.4500293731689453,
      "scatter_plot": 0.8582215309143066,
      "save_data": 0.02600550651550293,
      "total": 160.7255961894989
    },
    "5": {
      "gradient_computation": 158.49406838417053,
      "histogram_plot": 0.42516112327575684,
      "scatter_plot": 0.6996500492095947,
      "save_data": 0.008992195129394531,
      "total": 159.62789583206177
    },
    "6": {
      "gradient_computation": 155.01801443099976,
      "histogram_plot": 0.38469433784484863,
      "scatter_plot": 0.729407787322998,
      "save_data": 0.042960166931152344,
      "total": 156.1750864982605
    },
    "7": {
      "gradient_computation": 154.18190169334412,
      "histogram_plot": 0.4097869396209717,
      "scatter_plot": 0.6858203411102295,
      "save_data": 0.033054351806640625,
      "total": 155.31057929992676
    },
    "8": {
      "gradient_computation": 153.36222648620605,
      "histogram_plot": 0.40149664878845215,
      "scatter_plot": 0.620842695236206,
      "save_data": 0.02921319007873535,
      "total": 154.41379261016846
    },
    "9": {
      "gradient_computation": 150.98900771141052,
      "histogram_plot": 0.4398193359375,
      "scatter_plot": 0.6739954948425293,
      "save_data": 0.011855363845825195,
      "total": 152.11468720436096
    },
    "10": {
      "gradient_computation": 150.67889380455017,
      "histogram_plot": 0.4142117500305176,
      "scatter_plot": 0.6932613849639893,
      "save_data": 0.024035215377807617,
      "total": 151.8104166984558
    },
    "11": {
      "gradient_computation": 149.7897551059723,
      "histogram_plot": 0.4394032955169678,
      "scatter_plot": 0.9601411819458008,
      "save_data": 0.0436246395111084,
      "total": 151.23293709754944
    },
    "12": {
      "gradient_computation": 146.76597714424133,
      "histogram_plot": 0.40547871589660645,
      "scatter_plot": 0.6965045928955078,
      "save_data": 0.012108087539672852,
      "total": 147.88008403778076
    },
    "13": {
      "gradient_computation": 144.59225153923035,
      "histogram_plot": 0.4248788356781006,
      "scatter_plot": 0.7566933631896973,
      "save_data": 0.01932382583618164,
      "total": 145.79316020011902
    },
    "14": {
      "gradient_computation": 142.87246799468994,
      "histogram_plot": 0.47805023193359375,
      "scatter_plot": 0.8295865058898926,
      "save_data": 0.012983322143554688,
      "total": 144.1930992603302
    },
    "15": {
      "gradient_computation": 141.26352500915527,
      "histogram_plot": 0.42232823371887207,
      "scatter_plot": 1.3156380653381348,
      "save_data": 0.13926410675048828,
      "total": 143.14076805114746
    },
    "16": {
      "gradient_computation": 139.80545687675476,
      "histogram_plot": 0.40012598037719727,
      "scatter_plot": 0.6974952220916748,
      "save_data": 0.050726890563964844,
      "total": 140.95381450653076
    },
    "17": {
      "gradient_computation": 138.31136775016785,
      "histogram_plot": 0.35343122482299805,
      "scatter_plot": 0.47278714179992676,
      "save_data": 0.04998660087585449,
      "total": 139.18758034706116
    },
    "18": {
      "gradient_computation": 137.53874278068542,
      "histogram_plot": 0.4085226058959961,
      "scatter_plot": 1.0184810161590576,
      "save_data": 0.049480438232421875,
      "total": 139.01523661613464
    },
    "19": {
      "gradient_computation": 135.96597385406494,
      "histogram_plot": 0.3994789123535156,
      "scatter_plot": 0.37450289726257324,
      "save_data": 0.04453539848327637,
      "total": 136.78450179100037
    },
    "20": {
      "gradient_computation": 134.37071824073792,
      "histogram_plot": 0.42447972297668457,
      "scatter_plot": 0.716252326965332,
      "save_data": 0.03559517860412598,
      "total": 135.54705691337585
    },
    "21": {
      "gradient_computation": 132.81087350845337,
      "histogram_plot": 0.22055959701538086,
      "scatter_plot": 0.3555762767791748,
      "save_data": 0.053975582122802734,
      "total": 133.44099640846252
    },
    "22": {
      "gradient_computation": 131.28344869613647,
      "histogram_plot": 0.22421717643737793,
      "scatter_plot": 0.540386438369751,
      "save_data": 0.21485662460327148,
      "total": 132.26291584968567
    },
    "23": {
      "gradient_computation": 130.05818629264832,
      "histogram_plot": 0.2287273406982422,
      "scatter_plot": 0.3845031261444092,
      "save_data": 0.07190704345703125,
      "total": 130.7433307170868
    }
  }
}